文件路径,文件类型,所缺元素,负责AI,进度状态,预估工作量(小时),实际工作量(小时),开始时间,完成时间,备注
src/cli/main.cpp,实现文件,函数头部注释、代码注释,AI助手,待开始,2,,,,缺少主函数和帮助函数的详细注释
src/statistics/fq_statistic.cpp,实现文件,函数实现注释,AI助手,待开始,3,,,,统计计算函数需要详细注释
src/processing/tbb_processing_pipeline.cpp,实现文件,类实现注释,AI助手,待开始,4,,,,TBB并行处理逻辑需要注释
src/modules/config/config.cpp,实现文件,配置相关函数注释,AI助手,待开始,2,,,,配置解析和验证函数需要注释
src/modules/error/error.cpp,实现文件,错误处理函数注释,AI助手,待开始,2,,,,错误处理和异常类需要注释
src/memory/batch_memory_manager.h,头文件,部分私有方法注释,AI助手,待开始,1,,,,私有方法create_object等需要注释
src/statistics/fq_statistic.h,头文件,结构体成员详细说明,AI助手,待开始,1,,,,fq_statisticResult结构体成员需要详细说明
src/processing/i_read_processor.h,头文件,接口方法使用示例,AI助手,待开始,1,,,,接口方法需要添加使用示例
src/core_legacy/core.h,头文件,已完成,无,已完成,0,0,已完成,已完成,包含详细的Doxygen注释
src/processing/processing_pipeline.h,头文件,已完成,无,已完成,0,0,已完成,已完成,所有接口都有详细注释
src/interfaces/i_processing_pipeline.h,头文件,已完成,无,已完成,0,0,已完成,已完成,接口定义完整
src/modules/common/common.h,头文件,已完成,无,已完成,0,0,已完成,已完成,工具类注释完整
src/cli/commands/filter_command.h,头文件,已完成,无,已完成,0,0,已完成,已完成,命令类注释完整
src/processing/mutators/quality_trimmer.h,头文件,已完成,无,已完成,0,0,已完成,已完成,修剪器类注释完整
